{"cameraMode":{"drawMode":0,"name":"Shaded","section":"Shading Mode"},"sceneLighting":true,"audioPlay":false,"sceneViewState":{"m_AlwaysRefresh":false,"showFog":true,"showSkybox":true,"showFlares":true,"showImageEffects":true,"showParticleSystems":true,"showVisualEffectGraphs":true,"m_FxEnabled":true},"in2DMode":false,"pivot":{"x":21.13950538635254,"y":16.204914093017579,"z":6.025352478027344},"rotation":{"x":-0.0797155499458313,"y":0.015546184964478016,"z":-0.0012435780372470618,"w":-0.9966976046562195},"size":20.38915252685547,"orthographic":true}