{"cameraMode":{"drawMode":0,"name":"Shaded","section":"Shading Mode"},"sceneLighting":true,"audioPlay":false,"sceneViewState":{"m_AlwaysRefresh":false,"showFog":true,"showSkybox":true,"showFlares":true,"showImageEffects":true,"showParticleSystems":true,"showVisualEffectGraphs":true,"m_FxEnabled":true},"in2DMode":false,"pivot":{"x":12.995434761047364,"y":18.9700927734375,"z":-5.748382568359375},"rotation":{"x":-0.009273960255086422,"y":0.08748146891593933,"z":-0.0008144904277287424,"w":-0.9961227178573608},"size":19.885961532592775,"orthographic":true}