{"cameraMode":{"drawMode":0,"name":"Shaded","section":"Shading Mode"},"sceneLighting":false,"audioPlay":false,"sceneViewState":{"m_AlwaysRefresh":false,"showFog":true,"showSkybox":false,"showFlares":true,"showImageEffects":true,"showParticleSystems":true,"showVisualEffectGraphs":true,"m_FxEnabled":true},"in2DMode":false,"pivot":{"x":0.00008413312025368214,"y":0.015597842633724213,"z":-0.000247955322265625},"rotation":{"x":0.28095895051956179,"y":-0.5413221716880798,"z":0.19821028411388398,"w":0.7673047780990601},"size":0.006278494838625193,"orthographic":true}